-- MySQL Administrator dump 1.4
--
-- ------------------------------------------------------
-- Server version	5.1.61


/*!40101 SET @OLD_CHARACTER_SET_CLIENT=@@CHARACTER_SET_CLIENT */;
/*!40101 SET @OLD_CHARACTER_SET_RESULTS=@@CHARACTER_SET_RESULTS */;
/*!40101 SET @OLD_COLLATION_CONNECTION=@@COLLATION_CONNECTION */;
/*!40101 SET NAMES utf8 */;

/*!40014 SET @OLD_UNIQUE_CHECKS=@@UNIQUE_CHECKS, UNIQUE_CHECKS=0 */;
/*!40014 SET @OLD_FOREIGN_KEY_CHECKS=@@FOREIGN_KEY_CHECKS, FOREIGN_KEY_CHECKS=0 */;
/*!40101 SET @OLD_SQL_MODE=@@SQL_MODE, SQL_MODE='NO_AUTO_VALUE_ON_ZERO' */;


--
-- Dumping data for table `tbl_answer`
--

/*!40000 ALTER TABLE `tbl_answer` DISABLE KEYS */;
INSERT INTO `tbl_answer` (`id_answer`,`id_subject`,`id_data`,`id_question`,`id_language`,`id_user`,`id_date`,`id_best_answer`,`id_date_rank`,`id_owner_rank`) VALUES 
 (1,0x686F7720692063616E206C6F7365207765696768742066617374,0x596F752063616E2774,1,1,33256,'2012-07-13 00:00:00',0,NULL,0),
 (2,0x686F7720692063616E206C6561726E20656E676C697368,0x476F20746F207363686F6F6C,2,1,33256,'1999-02-02 01:00:00',0,NULL,0),
 (3,0x686F7720692063616E206C6561726E207370616E697368,0x476F20746F207363686F6F6C,3,1,77777,'2004-10-12 00:00:00',0,NULL,0),
 (4,0x686F7720692063616E206C6561726E207275737369616E,0x48656C6C6F2C20686F7720692063616E206C6561726E207275737369616E,4,1,11122,'2012-04-04 00:00:00',0,NULL,0),
 (5,0x646F2069206E65656420746F2077617368206D79206361743F,0x4E6F6E65,5,1,12345,'2012-04-02 00:00:00',1,0x323031322D30342D3035,127),
 (6,0x486F7720692063616E206C6561726E2061205045524C3F,0x476F20746F207065726C646F632E636F6D,10,1,12345,'2012-04-10 00:00:00',2,0x323031322D30382D3032,127),
 (7,0x686F7720692063616E206C6F73652077656967687420666173743F,0x67796D,1,1,23986,'1997-07-18 14:51:51',0,'',0),
 (8,0x686F7720692063616E206C6F73652077656967687420666173743F,0x70696C6C73,1,1,33516,'2012-08-02 14:51:51',0,NULL,0),
 (9,0x42616B696E6720726563696570696573,0x686575666776686F65797662677965627965616F79766267616579,9,1,23235,'2012-08-02 14:51:52',3,0x323031322D30382D3032,127),
 (10,0x42616B696E6720726563696570696573,0x67626866676E7867666A64,9,1,11122,'2010-08-02 14:51:52',0,NULL,0),
 (11,0x42616B696E6720726563696570696573,0x78667468787274687479696A6679756A66796A7579,9,1,23986,'2009-09-09 14:51:52',0,NULL,0),
 (12,0x42616B696E6720726563696570696573,0x6474796A73676165726776726272,9,0,33256,'2011-12-13 14:51:52',0,NULL,0),
 (13,0x42616B696E6720726563696570696573,0x7A666862737274686474796A647975,9,0,12345,'2007-03-29 14:51:52',0,NULL,0),
 (14,0x42616B696E6720726563696570696573,0x7A666867737274687374796A7374796A7374796A,9,0,26969,'2007-09-14 14:51:52',0,NULL,0),
 (15,0x686F7720692063616E206C6561726E20656E676C697368,0x7667736C6466686C67736664,2,0,12345,'2012-08-02 14:51:52',0,NULL,0),
 (16,0x686F7720692063616E206C6561726E20656E676C697368,0x67686474796A6474796A6474,2,1,77777,'2012-08-02 14:51:52',0,NULL,0),
 (17,0x686F7720692063616E206C6561726E20656E676C697368,0x64746A797464796A6474796A,2,0,66532,'2012-08-02 14:51:52',0,NULL,0),
 (18,0x686F7720692063616E206C6561726E20656E676C697368,0x6474796A7464796A6479746A746479,2,0,80089,'2012-08-02 14:51:52',0,NULL,0),
 (19,'','',2,0,1,'2012-08-02 20:39:30',0,NULL,0),
 (20,'','',13,1,12345,'2012-08-04 13:32:02',1,0x323031322D30342D3035,0);
/*!40000 ALTER TABLE `tbl_answer` ENABLE KEYS */;



/*!40000 ALTER TABLE `tbl_answer_rank` DISABLE KEYS */;
INSERT INTO `tbl_answer_rank` (`id_answer`,`id_user`,`id_question`) VALUES 
 (1,12345,1),
 (18,1,2);
/*!40000 ALTER TABLE `tbl_answer_rank` ENABLE KEYS */;



--
-- Dumping data for table `tbl_best_answer_rank`
--

/*!40000 ALTER TABLE `tbl_best_answer_rank` DISABLE KEYS */;
INSERT INTO `tbl_best_answer_rank` (`id_answer`,`id_rank`,`id_question`) VALUES 
 (1,5,1),
 (1,3,2),
 (1,2,3),
 (2,1,2),
 (5,5,5),
 (6,5,10),
 (9,5,9),
 (20,5,13);
/*!40000 ALTER TABLE `tbl_best_answer_rank` ENABLE KEYS */;


--
-- Dumping data for table `tbl_category`
--

/*!40000 ALTER TABLE `tbl_category` DISABLE KEYS */;
INSERT INTO `tbl_category` (`id_category`,`id_name`,`id_parent`) VALUES 
 (1,0xD79ED797D7A9D791D799D79D,0),
 (2,0x6C6561726E696E67,5),
 (3,0x62616B696E67,6),
 (4,0xD790D7A4D799D795D79F20D795D7A2D799D7A6D795D791,1),
 (5,0x656475636174696E67,0),
 (6,0x636F6F6B696E67,0),
 (7,0x706574,0);
/*!40000 ALTER TABLE `tbl_category` ENABLE KEYS */;



--
-- Dumping data for table `tbl_funs`
--

/*!40000 ALTER TABLE `tbl_funs` DISABLE KEYS */;
INSERT INTO `tbl_funs` (`id_self`,`id_other`) VALUES 
 (11122,23235),
 (12345,11122),
 (12345,23235),
 (12345,23986),
 (12345,77777),
 (23986,66532);
/*!40000 ALTER TABLE `tbl_funs` ENABLE KEYS */;



--
-- Dumping data for table `tbl_question`
--

/*!40000 ALTER TABLE `tbl_question` DISABLE KEYS */;
INSERT INTO `tbl_question` (`id_question`,`id_subject`,`id_data`,`id_user`,`id_date`,`id_language`,`id_category`,`id_status`) VALUES 
 (1,0x686F7720692063616E206C6F73652077656967687420666173743F,0x48656C6C6F2C20686F7720692063616E206C6F73652077656967687420666173742C20776974686F757420616E7920646965743F,12345,'1994-07-20 00:00:00',1,5,0),
 (2,0x686F7720692063616E206C6561726E20656E676C697368,0x48656C6C6F2C20686F7720692063616E206C6561726E20656E676C69736820666173743F,26969,'1993-08-01 18:14:02',1,2,1),
 (3,0x686F7720692063616E206C6561726E207370616E697368,0x686F7720692063616E206C6561726E207370616E69736820666173743F,12345,'2012-03-15 00:00:00',1,5,0),
 (4,0x686F7720692063616E206C6561726E207275737369616E,0x686F7720692063616E206C6561726E207275737369616E20666173743F,12345,'2012-02-01 00:00:00',1,5,0),
 (5,0x646F2069206E65656420746F2077617368206D7920636174,0x646F2069206E65656420746F2077617368206D792063617420736F6D6574696D65733F,33516,'2011-05-25 00:00:00',1,7,0),
 (6,0x646F2069206E65656420746F2077617368206D7920646F67,0x446F2069206E6565643F,80089,'2012-08-02 14:35:51',1,7,0),
 (7,0x646F2069206E65656420746F2077617368206D7920706172726F74,0x446F2069206E6565643F,31315,'2010-01-15 00:00:00',1,7,0),
 (8,0x43616E206920666C793F,0x43616E20693F,31315,'2009-10-30 00:00:00',0,1,0),
 (9,0x42616B696E6720726563696570696573,0x48692C2049206E6565642074686520626573742062616B696E6720726563697065732C20746E782061206C6F74,77777,'2005-10-10 00:00:00',0,3,0),
 (10,0x486F7720692063616E206C6561726E2061205045524C3F,0x49206E65656420746F206C6561726E2061205045524C20736372697074206C616E6775616765,12345,'2012-02-15 14:40:29',1,1,0),
 (11,0x5061736874696461,0x4E65656420726563697069657320666F72207061736874696461,23986,'2012-08-02 14:40:30',0,3,0),
 (12,0x43616E206920626C6F77206C616D703F,0x3F3F3F3F3F3F3F3F3F3F3F3F,12345,'2012-07-02 14:40:30',0,0,0),
 (13,0x35363436353635,0x36352B36362B352B320D0A333232310D0A330D0A31340D0A340D0A35363430343634300D0A300D0A34300D0A300D0A3334300D0A3334300D0A34373035343834300D0A34300D0A,12345,'2012-08-11 13:29:33',1,4,0);
/*!40000 ALTER TABLE `tbl_question` ENABLE KEYS */;



--
-- Dumping data for table `tbl_question_rank`
--

/*!40000 ALTER TABLE `tbl_question_rank` DISABLE KEYS */;
INSERT INTO `tbl_question_rank` (`id_question`,`id_user`,`id_date`) VALUES 
 (1,12345,0x313939372D30322D3233),
 (2,12345,0x323030302D31312D3133),
 (3,17178,0x313939392D30342D3033),
 (3,26969,0x323031312D30352D3235),
 (3,33516,0x323031302D30312D3137),
 (5,26969,0x323031302D30392D3232),
 (6,26969,0x323031302D30392D3232),
 (6,33516,0x323031322D30382D3032),
 (7,26969,0x323031312D30392D3232),
 (9,12345,0x323031322D30382D3032),
 (10,77777,0x323031322D30382D3032),
 (11,12345,0x323031322D30382D3032),
 (12,17178,0x323031322D30382D3032);
/*!40000 ALTER TABLE `tbl_question_rank` ENABLE KEYS */;



--
-- Dumping data for table `tbl_remark`
--

/*!40000 ALTER TABLE `tbl_remark` DISABLE KEYS */;
INSERT INTO `tbl_remark` (`id_remark`,`id_subject`,`id_data`,`id_question`,`id_date`,`id_language`,`id_user`) VALUES 
 (1,0x686F7720692063616E206C6F73652077656967687420666173743F,0x66676674686272796A75796B6E79,1,0x313939362D30352D3131,1,77777),
 (2,0x646F2069206E65656420746F2077617368206D7920636174,0x6D74647920626A6420746A647975,5,0x323031322D30382D3032,1,80089),
 (3,0x5061736874696461,0x6A6E2062646A646A,11,0x323031322D30382D3032,0,12345),
 (4,0x5061736874696461,0x6776667367683B6A72,11,0x323031322D30382D3032,2,31315);
/*!40000 ALTER TABLE `tbl_remark` ENABLE KEYS */;


--
-- Dumping data for table `tbl_thumb`
--

/*!40000 ALTER TABLE `tbl_thumb` DISABLE KEYS */;
INSERT INTO `tbl_thumb` (`id_answer`,`id_user`,`id_up_down`) VALUES 
 (0,0,1),
 (1,12345,1),
 (2,12345,1),
 (3,33256,1),
 (4,33256,2),
 (5,11122,2),
 (6,33256,1),
 (7,11122,2),
 (8,12345,2),
 (9,33256,1),
 (10,12345,2);
/*!40000 ALTER TABLE `tbl_thumb` ENABLE KEYS */;


--
-- Dumping data for table `tbl_users`
--

/*!40000 ALTER TABLE `tbl_users` DISABLE KEYS */;
INSERT INTO `tbl_users` (`id_user`,`id_firstname`,`id_lastname`,`id_email`,`id_score`,`id_rank`) VALUES 
 (11122,0x416B616B6979,0x506F6C6967726170686F76696368,0x616B616B4066616365626F6F6B2E636F6D,0,0),
 (12345,0x416C69,0x42616261,0x7573657240656D61696C2E636F6D,17,0),
 (17178,0x5065747961,0x50746963686B696E,0x706574726F406D61696C2E7275,0,0),
 (23235,0x536F6E7961,0x4C6576696368,0x736C7669636840686F746D61696C2E636F6D,1,2),
 (23986,0x5661737961,0x4C697A68696E,0x766173656B313240686F746D61696C2E636F6D,2,0),
 (26969,0x4361726C61,0x426579,0x6361726C626579407961686F6F2E636F6D,0,3),
 (31315,0x41666F6E7961,0x536874616E6973686B696E,0x736874616E69407961686F6F2E636F6D,4,1),
 (33256,0x4D697261,0x486E756E61,0x6D72686E756E40676D61696C2E636F6D,2,4),
 (33516,0x4D6174696C6461,0x4E61726F6E,0x6E61726F6E406D61696C2E7275,2,0),
 (66532,0x44617A6472617065726D61,0x4976616E6F7661,0x64617A6472614079616E6465782E7275,0,0),
 (77777,0x4B6C617661,0x4B6172706F7661,0x6B6B6B40676D61696C2E636F6D,2,0),
 (80089,0x4B6972696C6C,0x5365727665746B696E,0x6B697275736861383540676D61696C2E636F6D,0,0);
/*!40000 ALTER TABLE `tbl_users` ENABLE KEYS */;




/*!40101 SET SQL_MODE=@OLD_SQL_MODE */;
/*!40014 SET FOREIGN_KEY_CHECKS=@OLD_FOREIGN_KEY_CHECKS */;
/*!40014 SET UNIQUE_CHECKS=@OLD_UNIQUE_CHECKS */;
/*!40101 SET CHARACTER_SET_CLIENT=@OLD_CHARACTER_SET_CLIENT */;
/*!40101 SET CHARACTER_SET_RESULTS=@OLD_CHARACTER_SET_RESULTS */;
/*!40101 SET COLLATION_CONNECTION=@OLD_COLLATION_CONNECTION */;
/*!40101 SET CHARACTER_SET_CLIENT=@OLD_CHARACTER_SET_CLIENT */;
